Year,ID2,Latitude,Longitude,TopDepth,BottomDepth,BulkDensity,Notes
1998.0,3.0,46.77879099993472,-117.08667799999922,0,1,1.4100577667067484,
1998.0,3.0,46.77879099993472,-117.08667799999922,1,2,1.4387603334093544,
1998.0,3.0,46.77879099993472,-117.08667799999922,2,3,1.6193864789405759,
1998.0,3.0,46.77879099993472,-117.08667799999922,3,4,1.6400485580244677,
1998.0,3.0,46.77879099993472,-117.08667799999922,4,5,1.64,
1998.0,5.0,46.77866599993601,-117.08584199999686,0,1,1.3749277326504725,
1998.0,5.0,46.77866599993601,-117.08584199999686,1,2,1.3305880261003118,
1998.0,5.0,46.77866599993601,-117.08584199999686,2,3,1.3522161516046738,
1998.0,5.0,46.77866599993601,-117.08584199999686,3,4,1.4994731668045351,
1998.0,5.0,46.77866599993601,-117.08584199999686,4,5,1.5315621526449732,
1998.0,7.0,46.77863199993578,-117.08500599999628,0,1,1.4429653954494086,
1998.0,7.0,46.77863199993578,-117.08500599999628,1,2,1.2767874077873471,
1998.0,7.0,46.77863199993578,-117.08500599999628,2,3,1.4005332996664317,
1998.0,7.0,46.77863199993578,-117.08500599999628,3,4,1.4847092805521311,
1998.0,7.0,46.77863199993578,-117.08500599999628,4,5,1.4993807489987243,
1998.0,9.0,46.778673999933,-117.08416999999837,0,1,1.4734877708136445,
1998.0,9.0,46.778673999933,-117.08416999999837,1,2,1.3298123600358887,
1998.0,9.0,46.778673999933,-117.08416999999837,2,3,1.419344785681107,
1998.0,9.0,46.778673999933,-117.08416999999837,3,4,1.4562706453032024,
1998.0,9.0,46.778673999933,-117.08416999999837,4,5,1.455243607093288,
1998.0,11.0,46.778657999932655,-117.08333399999815,0,1,1.435203328833452,
1998.0,11.0,46.778657999932655,-117.08333399999815,1,2,1.3714032227741584,
1998.0,11.0,46.778657999932655,-117.08333399999815,2,3,1.4942825919097324,
1998.0,11.0,46.778657999932655,-117.08333399999815,3,4,1.6700249615108425,
1998.0,11.0,46.778657999932655,-117.08333399999815,4,5,1.679337625562176,
1998.0,13.0,46.778763999934995,-117.08249800000364,0,1,1.3512400518022354,
1998.0,13.0,46.778763999934995,-117.08249800000364,1,2,1.4450530405916546,
1998.0,13.0,46.778763999934995,-117.08249800000364,2,3,1.530740476343332,
1998.0,13.0,46.778763999934995,-117.08249800000364,3,4,1.6184238462009453,
1998.0,13.0,46.778763999934995,-117.08249800000364,4,5,1.6381616441713662,
1998.0,15.0,46.778706999934904,-117.08124400000357,0,1,1.2604917249672811,
1998.0,15.0,46.778706999934904,-117.08124400000357,1,2,1.3781235393969054,
1998.0,15.0,46.778706999934904,-117.08124400000357,2,3,1.5974716737451455,
1998.0,15.0,46.778706999934904,-117.08124400000357,3,4,1.6561737836623363,
1998.0,15.0,46.778706999934904,-117.08124400000357,4,5,1.6705351860814843,
1998.0,17.0,46.77879699993179,-117.07998999999813,0,1,1.3325337995555395,
1998.0,17.0,46.77879699993179,-117.07998999999813,1,2,1.0744432776246926,
1998.0,17.0,46.77879699993179,-117.07998999999813,2,3,1.1727946356973815,
1998.0,17.0,46.77879699993179,-117.07998999999813,3,4,1.512193702009989,
1998.0,17.0,46.77879699993179,-117.07998999999813,4,5,1.512193702009989,
1998.0,19.0,46.778826619173316,-117.08846626321173,0,1,1.5629536678082299,
1998.0,19.0,46.778826619173316,-117.08846626321173,1,2,1.5390172430942117,
1998.0,19.0,46.778826619173316,-117.08846626321173,2,3,1.6203084553282192,
1998.0,19.0,46.778826619173316,-117.08846626321173,3,4,1.6416269791818179,
1998.0,19.0,46.778826619173316,-117.08846626321173,4,5,1.6312658415783965,
1998.0,21.0,46.778841999931366,-117.08764599999685,0,1,1.3318436615714033,
1998.0,21.0,46.778841999931366,-117.08764599999685,1,2,1.2820115637654226,
1998.0,21.0,46.778841999931366,-117.08764599999685,2,3,1.2661046489054082,
1998.0,21.0,46.778841999931366,-117.08764599999685,3,4,1.3132812939193732,
1998.0,21.0,46.778841999931366,-117.08764599999685,4,5,1.4341243946410558,
1998.0,23.0,46.77900277872107,-117.08683096836631,0,1,1.4303801223454298,
1998.0,23.0,46.77900277872107,-117.08683096836631,1,2,1.4913785623705325,
1998.0,23.0,46.77900277872107,-117.08683096836631,2,3,1.5516716767409968,
1998.0,23.0,46.77900277872107,-117.08683096836631,3,4,1.5942758468771745,
1998.0,23.0,46.77900277872107,-117.08683096836631,4,5,1.6361331771708159,
1998.0,25.0,46.779046999935034,-117.08597400000059,0,1,1.3399500926912697,
1998.0,25.0,46.779046999935034,-117.08597400000059,1,2,1.4298589402588604,
1998.0,25.0,46.779046999935034,-117.08597400000059,2,3,1.5797680523761921,
1998.0,25.0,46.779046999935034,-117.08597400000059,3,4,1.6177578304234335,
1998.0,25.0,46.779046999935034,-117.08597400000059,4,5,1.6480289018145635,
1998.0,27.0,46.779062819066674,-117.08511703761205,0,1,1.2751563439355404,
1998.0,27.0,46.779062819066674,-117.08511703761205,1,2,1.3817364376814159,
1998.0,27.0,46.779062819066674,-117.08511703761205,2,3,1.3469012240732254,
1998.0,27.0,46.779062819066674,-117.08511703761205,3,4,1.3038051244823734,
1998.0,27.0,46.779062819066674,-117.08511703761205,4,5,1.2841881592336137,
1998.0,29.0,46.7790069999304,-117.0843020000047,0,1,1.3299596657137336,
1998.0,29.0,46.7790069999304,-117.0843020000047,1,2,1.416771906483704,
1998.0,29.0,46.7790069999304,-117.0843020000047,2,3,1.4024364725166782,
1998.0,29.0,46.7790069999304,-117.0843020000047,3,4,1.4485873515042642,
1998.0,29.0,46.7790069999304,-117.0843020000047,4,5,1.490133839809204,
1998.0,31.0,46.77902299993373,-117.08346599999622,0,1,1.3474026780994555,
1998.0,31.0,46.77902299993373,-117.08346599999622,1,2,1.4044198589971708,
1998.0,31.0,46.77902299993373,-117.08346599999622,2,3,1.4945166904096974,
1998.0,31.0,46.77902299993373,-117.08346599999622,3,4,1.6366234719059405,
1998.0,31.0,46.77902299993373,-117.08346599999622,4,5,1.6256579585127275,
1998.0,33.0,46.77901299993611,-117.08263000000014,0,1,1.328375579007485,
1998.0,33.0,46.77901299993611,-117.08263000000014,1,2,1.3423358571774326,
1998.0,33.0,46.77901299993611,-117.08263000000014,2,3,1.4046557265396036,
1998.0,33.0,46.77901299993611,-117.08263000000014,3,4,1.493656650803207,
1998.0,33.0,46.77901299993611,-117.08263000000014,4,5,1.5063244090910826,
1998.0,35.0,46.77885199993585,-117.08179400000536,0,1,1.4251656960870653,
1998.0,35.0,46.77885199993585,-117.08179400000536,1,2,1.4215017412141413,
1998.0,35.0,46.77885199993585,-117.08179400000536,2,3,1.6723513461047856,
1998.0,35.0,46.77885199993585,-117.08179400000536,3,4,1.606815552130692,
1998.0,35.0,46.77885199993585,-117.08179400000536,4,5,1.6062928222093158,
1998.0,37.0,46.7789929999345,-117.08095799999668,0,1,1.4009780953909718,
1998.0,37.0,46.7789929999345,-117.08095799999668,1,2,1.4044851095307034,
1998.0,37.0,46.7789929999345,-117.08095799999668,2,3,1.5448337804698506,
1998.0,37.0,46.7789929999345,-117.08095799999668,3,4,1.6611729191987743,
1998.0,37.0,46.7789929999345,-117.08095799999668,4,5,1.699599340226952,
1998.0,39.0,46.779111999935864,-117.08012199999722,0,1,1.5319200351385218,
1998.0,39.0,46.779111999935864,-117.08012199999722,1,2,1.5309462749562008,
1998.0,39.0,46.779111999935864,-117.08012199999722,2,3,1.601352219831982,
1998.0,39.0,46.779111999935864,-117.08012199999722,3,4,1.6562597588670591,
1998.0,39.0,46.779111999935864,-117.08012199999722,4,5,1.7131785615578217,
1998.0,41.0,46.77904699992864,-117.0792860000058,0,1,1.1976838121778466,
1998.0,41.0,46.77904699992864,-117.0792860000058,1,2,1.1869861879765518,
1998.0,41.0,46.77904699992864,-117.0792860000058,2,3,1.4645065910863793,
1998.0,41.0,46.77904699992864,-117.0792860000058,3,4,1.5504701658875373,
1998.0,41.0,46.77904699992864,-117.0792860000058,4,5,1.5753005965983826,
1998.0,43.0,46.77915299992836,-117.08831800000448,0,1,1.4203069232856238,
1998.0,43.0,46.77915299992836,-117.08831800000448,1,2,1.4583838892206273,
1998.0,43.0,46.77915299992836,-117.08831800000448,2,3,1.429023226417874,
1998.0,43.0,46.77915299992836,-117.08831800000448,3,4,1.5314352209292028,
1998.0,43.0,46.77915299992836,-117.08831800000448,4,5,1.6323022488772945,
1998.0,45.0,46.779288328247844,-117.08746351328648,0,1,1.285870397401832,
1998.0,45.0,46.779288328247844,-117.08746351328648,1,2,1.309881664722035,
1998.0,45.0,46.779288328247844,-117.08746351328648,2,3,1.3283406911636415,
1998.0,45.0,46.779288328247844,-117.08746351328648,3,4,1.410017508739884,
1998.0,45.0,46.779288328247844,-117.08746351328648,4,5,1.462352298113721,
1998.0,47.0,46.77936299993458,-117.08664599999607,0,1,1.4031569379311906,
1998.0,47.0,46.77936299993458,-117.08664599999607,1,2,1.3924365418335856,
1998.0,47.0,46.77936299993458,-117.08664599999607,2,3,1.3843473850955967,
1998.0,47.0,46.77936299993458,-117.08664599999607,3,4,1.3556450117928127,
1998.0,47.0,46.77936299993458,-117.08664599999607,4,5,1.3744747168368154,
1998.0,49.0,46.77923799992988,-117.08581000000255,0,1,1.2530429912271437,
1998.0,49.0,46.77923799992988,-117.08581000000255,1,2,1.184771632260782,
1998.0,49.0,46.77923799992988,-117.08581000000255,2,3,1.3465280200667946,
1998.0,49.0,46.77923799992988,-117.08581000000255,3,4,1.5580819306398894,
1998.0,49.0,46.77923799992988,-117.08581000000255,4,5,1.5721355600912252,
1998.0,51.0,46.77919681125739,-117.08496351312738,0,1,1.2798092947816841,
1998.0,51.0,46.77919681125739,-117.08496351312738,1,2,1.3731129198929588,
1998.0,51.0,46.77919681125739,-117.08496351312738,2,3,1.394782347862562,
1998.0,51.0,46.77919681125739,-117.08496351312738,3,4,1.4586442072309105,
1998.0,51.0,46.77919681125739,-117.08496351312738,4,5,1.471063797935051,
1998.0,53.0,46.779245999934034,-117.08413800000388,0,1,1.2064800763803905,
1998.0,53.0,46.779245999934034,-117.08413800000388,1,2,1.2406655634712913,
1998.0,53.0,46.779245999934034,-117.08413800000388,2,3,1.414831251430822,
1998.0,53.0,46.779245999934034,-117.08413800000388,3,4,1.5436953530178732,
1998.0,53.0,46.779245999934034,-117.08413800000388,4,5,1.5822252037544304,
1998.0,55.0,46.77922999993481,-117.08330200000204,0,1,1.2945453704621315,
1998.0,55.0,46.77922999993481,-117.08330200000204,1,2,1.3196842621782765,
1998.0,55.0,46.77922999993481,-117.08330200000204,2,3,1.3264134130225043,
1998.0,55.0,46.77922999993481,-117.08330200000204,3,4,1.3430206540959224,
1998.0,55.0,46.77922999993481,-117.08330200000204,4,5,1.2804356639768508,
1998.0,57.0,46.779335999935,-117.08246600000088,0,1,1.350671421086065,
1998.0,57.0,46.779335999935,-117.08246600000088,1,2,1.396253055093857,
1998.0,57.0,46.779335999935,-117.08246600000088,2,3,1.384028329514718,
1998.0,57.0,46.779335999935,-117.08246600000088,3,4,1.334780339648808,
1998.0,57.0,46.779335999935,-117.08246600000088,4,5,1.3142400162119157,
1998.0,59.0,46.779252441744326,-117.08160014682795,0,1,1.1843295151873519,
1998.0,59.0,46.779252441744326,-117.08160014682795,1,2,1.2299314452154222,
1998.0,59.0,46.779252441744326,-117.08160014682795,2,3,1.5079762995670547,
1998.0,59.0,46.779252441744326,-117.08160014682795,3,4,1.5633768287153682,
1998.0,59.0,46.779252441744326,-117.08160014682795,4,5,1.5857796431139146,
1998.0,61.0,46.77913499993167,-117.08079400000366,0,1,1.3187672423537242,
1998.0,61.0,46.77913499993167,-117.08079400000366,1,2,1.309537033466621,
1998.0,61.0,46.77913499993167,-117.08079400000366,2,3,1.5096304415902393,
1998.0,61.0,46.77913499993167,-117.08079400000366,3,4,1.6648842580623273,
1998.0,61.0,46.77913499993167,-117.08079400000366,4,5,1.691926767595489,
1998.0,63.0,46.779368999936025,-117.079957999996,0,1,1.2808267271018934,
1998.0,63.0,46.779368999936025,-117.079957999996,1,2,1.1726006805822644,
1998.0,63.0,46.779368999936025,-117.079957999996,2,3,1.2119233872442399,
1998.0,63.0,46.779368999936025,-117.079957999996,3,4,1.432888311243592,
1998.0,63.0,46.779368999936025,-117.079957999996,4,5,1.6758456319604047,
1998.0,65.0,46.77925399993134,-117.07912199999382,0,1,1.2859501907389443,
1998.0,65.0,46.77925399993134,-117.07912199999382,1,2,1.2170142797838461,
1998.0,65.0,46.77925399993134,-117.07912199999382,2,3,1.5364418149060513,
1998.0,65.0,46.77925399993134,-117.07912199999382,3,4,1.6663153051158808,
1998.0,65.0,46.77925399993134,-117.07912199999382,4,5,1.6818703231200702,
1998.0,67.0,46.779270999928244,-117.07828600000069,0,1,1.3030507193575276,
1998.0,67.0,46.779270999928244,-117.07828600000069,1,2,1.2539006334975673,
1998.0,67.0,46.779270999928244,-117.07828600000069,2,3,1.5655007468302418,
1998.0,67.0,46.779270999928244,-117.07828600000069,3,4,1.6302490888369845,
1998.0,67.0,46.779270999928244,-117.07828600000069,4,5,1.6824554547021409,
1998.0,69.0,46.779413999934256,-117.08781300000162,0,1,1.4754862605544001,
1998.0,69.0,46.779413999934256,-117.08781300000162,1,2,1.423715126335901,
1998.0,69.0,46.779413999934256,-117.08781300000162,2,3,1.5504160849762803,
1998.0,69.0,46.779413999934256,-117.08781300000162,3,4,1.6751852011449002,
1998.0,69.0,46.779413999934256,-117.08781300000162,4,5,1.6976784076938687,
1998.0,71.0,46.77956399992798,-117.08697699999722,0,1,1.4662664082994445,
1998.0,71.0,46.77956399992798,-117.08697699999722,1,2,1.4373985025148914,
1998.0,71.0,46.77956399992798,-117.08697699999722,2,3,1.3943861700492262,
1998.0,71.0,46.77956399992798,-117.08697699999722,3,4,1.325842959974495,
1998.0,71.0,46.77956399992798,-117.08697699999722,4,5,1.3158001119842626,
1998.0,73.0,46.77963696740592,-117.08617245559854,0,1,1.2181590880979478,
1998.0,73.0,46.77963696740592,-117.08617245559854,1,2,1.3352310750983607,
1998.0,73.0,46.77963696740592,-117.08617245559854,2,3,1.3586692867184338,
1998.0,73.0,46.77963696740592,-117.08617245559854,3,4,1.3299297434437674,
1998.0,73.0,46.77963696740592,-117.08617245559854,4,5,1.39425196,
1998.0,75.0,46.77964199992856,-117.0853049999993,0,1,1.1849344844566891,
1998.0,75.0,46.77964199992856,-117.0853049999993,1,2,1.1683213552723135,
1998.0,75.0,46.77964199992856,-117.0853049999993,2,3,1.4475405359981348,
1998.0,75.0,46.77964199992856,-117.0853049999993,3,4,1.5693609601064105,
1998.0,75.0,46.77964199992856,-117.0853049999993,4,5,1.5520955172488813,
1998.0,77.0,46.77957899993358,-117.0844690000058,0,1,1.1385201422637765,
1998.0,77.0,46.77957899993358,-117.0844690000058,1,2,1.171829831340096,
1998.0,77.0,46.77957899993358,-117.0844690000058,2,3,1.3999537020529775,
1998.0,77.0,46.77957899993358,-117.0844690000058,3,4,1.507560823594639,
1998.0,77.0,46.77957899993358,-117.0844690000058,4,5,1.5771714847183695,
1998.0,79.0,46.77959499993054,-117.08363299999655,0,1,1.216237925755478,
1998.0,79.0,46.77959499993054,-117.08363299999655,1,2,1.3187813179191075,
1998.0,79.0,46.77959499993054,-117.08363299999655,2,3,1.5765452218013396,
1998.0,79.0,46.77959499993054,-117.08363299999655,3,4,1.677414958826009,
1998.0,79.0,46.77959499993054,-117.08363299999655,4,5,1.6782052207543081,
1998.0,81.0,46.779584999929135,-117.08279699999753,0,1,1.1900831748603564,
1998.0,81.0,46.779584999929135,-117.08279699999753,1,2,1.3191698772273637,
1998.0,81.0,46.779584999929135,-117.08279699999753,2,3,1.459313406476672,
1998.0,81.0,46.779584999929135,-117.08279699999753,3,4,1.5580013234703831,
1998.0,81.0,46.779584999929135,-117.08279699999753,4,5,1.5650227439500466,
1998.0,83.0,46.77942399993122,-117.08196100000237,0,1,1.222386176860784,
1998.0,83.0,46.77942399993122,-117.08196100000237,1,2,1.4108068229657456,
1998.0,83.0,46.77942399993122,-117.08196100000237,2,3,1.5737333289502942,
1998.0,83.0,46.77942399993122,-117.08196100000237,3,4,1.6079962096221556,
1998.0,83.0,46.77942399993122,-117.08196100000237,4,5,1.6508439486130688,
1998.0,85.0,46.77956499992903,-117.08112500000126,0,1,1.2515316901084923,
1998.0,85.0,46.77956499992903,-117.08112500000126,1,2,1.2555873209317492,
1998.0,85.0,46.77956499992903,-117.08112500000126,2,3,1.4412692949677364,
1998.0,85.0,46.77956499992903,-117.08112500000126,3,4,1.598677513343664,
1998.0,85.0,46.77956499992903,-117.08112500000126,4,5,1.6297347255911527,
1998.0,87.0,46.779683999931706,-117.08028899999346,0,1,1.2809005173747514,
1998.0,87.0,46.779683999931706,-117.08028899999346,1,2,1.3759152886996624,
1998.0,87.0,46.779683999931706,-117.08028899999346,2,3,1.5604412570462982,
1998.0,87.0,46.779683999931706,-117.08028899999346,3,4,1.6442331606488074,
1998.0,87.0,46.779683999931706,-117.08028899999346,4,5,1.7137847399300492,
1998.0,89.0,46.779606714350294,-117.07944701867667,0,1,1.3096094059230783,
1998.0,89.0,46.779606714350294,-117.07944701867667,1,2,1.280997008715001,
1998.0,89.0,46.779606714350294,-117.07944701867667,2,3,1.5340831976005802,
1998.0,89.0,46.779606714350294,-117.07944701867667,3,4,1.6487496122823715,
1998.0,89.0,46.779606714350294,-117.07944701867667,4,5,1.6841171150793328,
1998.0,91.0,46.7795519999343,-117.07861699999664,0,1,1.3033942465870303,
1998.0,91.0,46.7795519999343,-117.07861699999664,1,2,1.2739443016077814,
1998.0,91.0,46.7795519999343,-117.07861699999664,2,3,1.52217294946325,
1998.0,91.0,46.7795519999343,-117.07861699999664,3,4,1.6242337943991298,
1998.0,91.0,46.7795519999343,-117.07861699999664,4,5,1.7006511074883848,
1998.0,93.0,46.77949399993123,-117.07778100000496,0,1,1.3136635494835722,
1998.0,93.0,46.77949399993123,-117.07778100000496,1,2,1.374755043494285,
1998.0,93.0,46.77949399993123,-117.07778100000496,2,3,1.5715319946094009,
1998.0,93.0,46.77949399993123,-117.07778100000496,3,4,1.6560303770790736,
1998.0,93.0,46.77949399993123,-117.07778100000496,4,5,1.7143963984515154,
1998.0,95.0,46.77971682001114,-117.08807304254276,0,1,1.4018994518031505,
1998.0,95.0,46.77971682001114,-117.08807304254276,1,2,1.3430992244890667,
1998.0,95.0,46.77971682001114,-117.08807304254276,2,3,1.484609263897704,
1998.0,95.0,46.77971682001114,-117.08807304254276,3,4,1.5787478846512724,
1998.0,95.0,46.77971682001114,-117.08807304254276,4,5,1.6674050645040825,
1998.0,97.0,46.77987299993621,-117.08724500000507,0,1,1.4678416690268707,
1998.0,97.0,46.77987299993621,-117.08724500000507,1,2,1.4518599790199234,
1998.0,97.0,46.77987299993621,-117.08724500000507,2,3,1.6407933202159404,
1998.0,97.0,46.77987299993621,-117.08724500000507,3,4,1.642941482551084,
1998.0,97.0,46.77987299993621,-117.08724500000507,4,5,1.645919136235734,
1998.0,99.0,46.77993499993081,-117.08640899999394,0,1,1.403752080681358,
1998.0,99.0,46.77993499993081,-117.08640899999394,1,2,1.4053381842507955,
1998.0,99.0,46.77993499993081,-117.08640899999394,2,3,1.3926398614525102,
1998.0,99.0,46.77993499993081,-117.08640899999394,3,4,1.3672527287048095,
1998.0,99.0,46.77993499993081,-117.08640899999394,4,5,1.265578356915177,
1998.0,101.0,46.77980999993464,-117.08557299999924,0,1,1.1980027762595067,
1998.0,101.0,46.77980999993464,-117.08557299999924,1,2,1.2115313562974497,
1998.0,101.0,46.77980999993464,-117.08557299999924,2,3,1.4118658302521556,
1998.0,101.0,46.77980999993464,-117.08557299999924,3,4,1.5523583731081212,
1998.0,101.0,46.77980999993464,-117.08557299999924,4,5,1.6001354411876916,
1998.0,103.0,46.779775999927644,-117.08473700000131,0,1,1.263032524675522,
1998.0,103.0,46.779775999927644,-117.08473700000131,1,2,1.200017323081323,
1998.0,103.0,46.779775999927644,-117.08473700000131,2,3,1.5065686367014985,
1998.0,103.0,46.779775999927644,-117.08473700000131,3,4,1.6036369637715495,
1998.0,103.0,46.779775999927644,-117.08473700000131,4,5,1.651740481764364,
1998.0,105.0,46.77981799992982,-117.08390099999663,0,1,1.286800177997532,
1998.0,105.0,46.77981799992982,-117.08390099999663,1,2,1.3005719249409466,
1998.0,105.0,46.77981799992982,-117.08390099999663,2,3,1.546585449772022,
1998.0,105.0,46.77981799992982,-117.08390099999663,3,4,1.6719627709843683,
1998.0,105.0,46.77981799992982,-117.08390099999663,4,5,1.6500960687890824,
1998.0,107.0,46.77980199992818,-117.08306500000162,0,1,1.4362991220323402,
1998.0,107.0,46.77980199992818,-117.08306500000162,1,2,1.556142799354725,
1998.0,107.0,46.77980199992818,-117.08306500000162,2,3,1.6028785113947905,
1998.0,107.0,46.77980199992818,-117.08306500000162,3,4,1.6246565285239418,
1998.0,107.0,46.77980199992818,-117.08306500000162,4,5,1.671037040432609,
1998.0,109.0,46.77987976506426,-117.08219347622592,0,1,1.1658814388101015,
1998.0,109.0,46.77987976506426,-117.08219347622592,1,2,1.2055791559872868,
1998.0,109.0,46.77987976506426,-117.08219347622592,2,3,1.4575091532391826,
1998.0,109.0,46.77987976506426,-117.08219347622592,3,4,1.5862139910613091,
1998.0,109.0,46.77987976506426,-117.08219347622592,4,5,1.658443607589165,
1998.0,111.0,46.77984899993028,-117.08139300000437,0,1,1.3568929105982706,
1998.0,111.0,46.77984899993028,-117.08139300000437,1,2,1.5418590154746936,
1998.0,111.0,46.77984899993028,-117.08139300000437,2,3,1.655935310360086,
1998.0,111.0,46.77984899993028,-117.08139300000437,3,4,1.6791275824926692,
1998.0,111.0,46.77984899993028,-117.08139300000437,4,5,1.6780442285779482,
1998.0,115.0,46.77992462609662,-117.07970308597766,0,1,1.336791020107588,
1998.0,115.0,46.77992462609662,-117.07970308597766,1,2,1.4445081067284435,
1998.0,115.0,46.77992462609662,-117.07970308597766,2,3,1.6236427017090378,
1998.0,115.0,46.77992462609662,-117.07970308597766,3,4,1.7334697243531323,
1998.0,115.0,46.77992462609662,-117.07970308597766,4,5,1.7331908145994726,
1998.0,117.0,46.779825999929066,-117.0788850000052,0,1,1.2539066958366718,
1998.0,117.0,46.779825999929066,-117.0788850000052,1,2,1.3349640821690583,
1998.0,117.0,46.779825999929066,-117.0788850000052,2,3,1.5369051749862233,
1998.0,117.0,46.779825999929066,-117.0788850000052,3,4,1.698936890364124,
1998.0,117.0,46.779825999929066,-117.0788850000052,4,5,1.7582484149446092,
1998.0,119.0,46.77982663395906,-117.07801915998616,0,1,1.3092182552311054,
1998.0,119.0,46.77982663395906,-117.07801915998616,1,2,1.2887268338565971,
1998.0,119.0,46.77982663395906,-117.07801915998616,2,3,1.5222321334047277,
1998.0,119.0,46.77982663395906,-117.07801915998616,3,4,1.6688151942410174,
1998.0,119.0,46.77982663395906,-117.07801915998616,4,5,1.7630824056373604,
1998.0,121.0,46.779943999930865,-117.07721300000095,0,1,1.5571180226977857,
1998.0,121.0,46.779943999930865,-117.07721300000095,1,2,1.5834024914505376,
1998.0,121.0,46.779943999930865,-117.07721300000095,2,3,1.6174143126932918,
1998.0,121.0,46.779943999930865,-117.07721300000095,3,4,1.6100267984491632,
1998.0,121.0,46.779943999930865,-117.07721300000095,4,5,1.6049836318444326,
1998.0,123.0,46.780158999931146,-117.08728099999418,0,1,1.47814686256264,
1998.0,123.0,46.780158999931146,-117.08728099999418,1,2,1.2595914407568423,
1998.0,123.0,46.780158999931146,-117.08728099999418,2,3,1.2377477216781605,
1998.0,123.0,46.780158999931146,-117.08728099999418,3,4,1.3029300382270281,
1998.0,123.0,46.780158999931146,-117.08728099999418,4,5,1.6215657606679559,
1998.0,125.0,46.78022099993324,-117.08644499999964,0,1,1.3352992107954074,
1998.0,125.0,46.78022099993324,-117.08644499999964,1,2,1.3082955534468756,
1998.0,125.0,46.78022099993324,-117.08644499999964,2,3,1.5065973320572583,
1998.0,125.0,46.78022099993324,-117.08644499999964,3,4,1.5958695143441242,
1998.0,125.0,46.78022099993324,-117.08644499999964,4,5,1.657901802854764,
1998.0,127.0,46.78008881523756,-117.08559327501136,0,1,1.2412812092450216,
1998.0,127.0,46.78008881523756,-117.08559327501136,1,2,1.3297744116899208,
1998.0,127.0,46.78008881523756,-117.08559327501136,2,3,1.4109869097174914,
1998.0,127.0,46.78008881523756,-117.08559327501136,3,4,1.557047681440244,
1998.0,127.0,46.78008881523756,-117.08559327501136,4,5,1.5950681739432535,
1998.0,129.0,46.78006199993227,-117.08477299999343,0,1,1.2633349074426574,
1998.0,129.0,46.78006199993227,-117.08477299999343,1,2,1.2766953300077224,
1998.0,129.0,46.78006199993227,-117.08477299999343,2,3,1.5619871218297594,
1998.0,129.0,46.78006199993227,-117.08477299999343,3,4,1.6341335772201204,
1998.0,129.0,46.78006199993227,-117.08477299999343,4,5,1.6650157984093972,
1998.0,131.0,46.78010399993395,-117.08393700000492,0,1,1.2395231568329128,
1998.0,131.0,46.78010399993395,-117.08393700000492,1,2,1.251745314839401,
1998.0,131.0,46.78010399993395,-117.08393700000492,2,3,1.374544233319643,
1998.0,131.0,46.78010399993395,-117.08393700000492,3,4,1.5771175251219673,
1998.0,131.0,46.78010399993395,-117.08393700000492,4,5,1.628666604616774,
1998.0,133.0,46.78008799993472,-117.08310100000013,0,1,1.4195669506549853,
1998.0,133.0,46.78008799993472,-117.08310100000013,1,2,1.2909884041281003,
1998.0,133.0,46.78008799993472,-117.08310100000013,2,3,1.3080961951218115,
1998.0,133.0,46.78008799993472,-117.08310100000013,3,4,1.6010697684893231,
1998.0,133.0,46.78008799993472,-117.08310100000013,4,5,1.6671297764544222,
1998.0,135.0,46.78019399993446,-117.0822650000032,0,1,1.189457432558611,
1998.0,135.0,46.78019399993446,-117.0822650000032,1,2,1.2730959264046995,
1998.0,135.0,46.78019399993446,-117.0822650000032,2,3,1.507542224074101,
1998.0,135.0,46.78019399993446,-117.0822650000032,3,4,1.6166419981242721,
1998.0,135.0,46.78019399993446,-117.0822650000032,4,5,1.6150792123511126,
1998.0,137.0,46.780147272678136,-117.08145287173772,0,1,1.276911563436048,
1998.0,137.0,46.780147272678136,-117.08145287173772,1,2,1.196419033543349,
1998.0,137.0,46.780147272678136,-117.08145287173772,2,3,1.423899128479384,
1998.0,137.0,46.780147272678136,-117.08145287173772,3,4,1.5644774816173306,
1998.0,137.0,46.780147272678136,-117.08145287173772,4,5,1.6647154419131358,
1998.0,139.0,46.779992999929625,-117.08059299999658,0,1,1.4800926915303978,
1998.0,139.0,46.779992999929625,-117.08059299999658,1,2,1.5460624525641702,
1998.0,139.0,46.779992999929625,-117.08059299999658,2,3,1.5754885587114544,
1998.0,139.0,46.779992999929625,-117.08059299999658,3,4,1.5961768858578749,
1998.0,139.0,46.779992999929625,-117.08059299999658,4,5,1.5816346743159384,
1998.0,141.0,46.78022699993228,-117.07975700000412,0,1,1.4808918780637599,
1998.0,141.0,46.78022699993228,-117.07975700000412,1,2,1.6012385681857966,
1998.0,141.0,46.78022699993228,-117.07975700000412,2,3,1.5978822495260985,
1998.0,141.0,46.78022699993228,-117.07975700000412,3,4,1.6387819559410084,
1998.0,141.0,46.78022699993228,-117.07975700000412,4,5,1.6547537474054437,
1998.0,143.0,46.780103819119184,-117.07890309813091,0,1,1.36940607230514,
1998.0,143.0,46.780103819119184,-117.07890309813091,1,2,1.4509348372396405,
1998.0,143.0,46.780103819119184,-117.07890309813091,2,3,1.6420856444286451,
1998.0,143.0,46.780103819119184,-117.07890309813091,3,4,1.63216520706611,
1998.0,143.0,46.780103819119184,-117.07890309813091,4,5,1.5573683794550366,
1998.0,145.0,46.78012899993453,-117.07808499999828,0,1,1.393813174539124,
1998.0,145.0,46.78012899993453,-117.07808499999828,1,2,1.5406785912374485,
1998.0,145.0,46.78012899993453,-117.07808499999828,2,3,1.662190969389691,
1998.0,145.0,46.78012899993453,-117.07808499999828,3,4,1.6637980349086872,
1998.0,145.0,46.78012899993453,-117.07808499999828,4,5,1.6693118992694158,
1998.0,147.0,46.78022999993272,-117.07724899999708,0,1,1.52308366542631,
1998.0,147.0,46.78022999993272,-117.07724899999708,1,2,1.5957034886641612,
1998.0,147.0,46.78022999993272,-117.07724899999708,2,3,1.6242877766970325,
1998.0,147.0,46.78022999993272,-117.07724899999708,3,4,1.603876809511167,
1998.0,147.0,46.78022999993272,-117.07724899999708,4,5,1.619930329944427,
1998.0,149.0,46.780421999936074,-117.08710299999856,0,1,1.3560270284502147,
1998.0,149.0,46.780421999936074,-117.08710299999856,1,2,1.1972459748452087,
1998.0,149.0,46.780421999936074,-117.08710299999856,2,3,1.1556302202203208,
1998.0,149.0,46.780421999936074,-117.08710299999856,3,4,1.4203816691323545,
1998.0,149.0,46.780421999936074,-117.08710299999856,4,5,1.5977400652706133,
1998.0,151.0,46.78045544216129,-117.086225062341,0,1,1.398353947765572,
1998.0,151.0,46.78045544216129,-117.086225062341,1,2,1.4223220151591043,
1998.0,151.0,46.78045544216129,-117.086225062341,2,3,1.5330176290331483,
1998.0,151.0,46.78045544216129,-117.086225062341,3,4,1.624984550218597,
1998.0,151.0,46.78045544216129,-117.086225062341,4,5,1.6533671316747267,
1998.0,153.0,46.78049999992753,-117.08543099999355,0,1,1.2321282311074144,
1998.0,153.0,46.78049999992753,-117.08543099999355,1,2,1.2144899877866646,
1998.0,153.0,46.78049999992753,-117.08543099999355,2,3,1.2666436513853156,
1998.0,153.0,46.78049999992753,-117.08543099999355,3,4,1.2710689675806361,
1998.0,153.0,46.78049999992753,-117.08543099999355,4,5,1.2684697176655333,
1998.0,155.0,46.780436999934366,-117.08459499999869,0,1,1.4381399207505017,
1998.0,155.0,46.780436999934366,-117.08459499999869,1,2,1.4256662897203434,
1998.0,155.0,46.780436999934366,-117.08459499999869,2,3,1.5811355410680978,
1998.0,155.0,46.780436999934366,-117.08459499999869,3,4,1.6141112809342362,
1998.0,155.0,46.780436999934366,-117.08459499999869,4,5,1.6199868953880856,
1998.0,157.0,46.78045299993024,-117.08375900000375,0,1,1.4516831416001466,
1998.0,157.0,46.78045299993024,-117.08375900000375,1,2,1.4075105915020476,
1998.0,157.0,46.78045299993024,-117.08375900000375,2,3,1.4450561450978492,
1998.0,157.0,46.78045299993024,-117.08375900000375,3,4,1.5719322767382409,
1998.0,157.0,46.78045299993024,-117.08375900000375,4,5,1.57,
1998.0,159.0,46.78044299993169,-117.08292299999715,0,1,1.3752696242615488,
1998.0,159.0,46.78044299993169,-117.08292299999715,1,2,1.454827044884342,
1998.0,159.0,46.78044299993169,-117.08292299999715,2,3,1.4958417516969047,
1998.0,159.0,46.78044299993169,-117.08292299999715,3,4,1.5387330897770208,
1998.0,159.0,46.78044299993169,-117.08292299999715,4,5,1.588538608085657,
1998.0,161.0,46.780281999932356,-117.0820870000057,0,1,1.2342345971872957,
1998.0,161.0,46.780281999932356,-117.0820870000057,1,2,1.1816670268027276,
1998.0,161.0,46.780281999932356,-117.0820870000057,2,3,1.0711598668366449,
1998.0,161.0,46.780281999932356,-117.0820870000057,3,4,1.1666597320111094,
1998.0,161.0,46.780281999932356,-117.0820870000057,4,5,1.6389670439477304,
1998.0,163.0,46.78042299992829,-117.08125099999887,0,1,1.2206145998635463,
1998.0,163.0,46.78042299992829,-117.08125099999887,1,2,1.2794612954006677,
1998.0,163.0,46.78042299992829,-117.08125099999887,2,3,1.467923800933253,
1998.0,163.0,46.78042299992829,-117.08125099999887,3,4,1.579225474341864,
1998.0,163.0,46.78042299992829,-117.08125099999887,4,5,1.7210729572903936,
1998.0,165.0,46.780541999932495,-117.08041499999895,0,1,1.3040118479480072,
1998.0,165.0,46.780541999932495,-117.08041499999895,1,2,1.5540563711369986,
1998.0,165.0,46.780541999932495,-117.08041499999895,2,3,1.601446322720394,
1998.0,165.0,46.780541999932495,-117.08041499999895,3,4,1.6556350964036255,
1998.0,165.0,46.780541999932495,-117.08041499999895,4,5,1.6361091679571451,
1998.0,167.0,46.78047699992918,-117.07957899999805,0,1,1.3728744030403746,
1998.0,167.0,46.78047699992918,-117.07957899999805,1,2,1.4742101394995046,
1998.0,167.0,46.78047699992918,-117.07957899999805,2,3,1.5128860440025036,
1998.0,167.0,46.78047699992918,-117.07957899999805,3,4,1.5238169665643504,
1998.0,167.0,46.78047699992918,-117.07957899999805,4,5,1.4990877408803749,
1998.0,169.0,46.780409999930704,-117.07874299999855,0,1,1.4380504817222692,
1998.0,169.0,46.780409999930704,-117.07874299999855,1,2,1.4353800165649016,
1998.0,169.0,46.780409999930704,-117.07874299999855,2,3,1.606484752712058,
1998.0,169.0,46.780409999930704,-117.07874299999855,3,4,1.693144962418752,
1998.0,169.0,46.780409999930704,-117.07874299999855,4,5,1.7307422200696356,
1998.0,171.0,46.78035199992877,-117.07790700000423,0,1,1.5166554833179253,
1998.0,171.0,46.78035199992877,-117.07790700000423,1,2,1.5342711010519454,
1998.0,171.0,46.78035199992877,-117.07790700000423,2,3,1.653926799695021,
1998.0,171.0,46.78035199992877,-117.07790700000423,3,4,1.6881482385835036,
1998.0,171.0,46.78035199992877,-117.07790700000423,4,5,1.6925349316153189,
1998.0,173.0,46.78028999993326,-117.07707100000248,0,1,1.5933025243385504,
1998.0,173.0,46.78028999993326,-117.07707100000248,1,2,1.610870216953662,
1998.0,173.0,46.78028999993326,-117.07707100000248,2,3,1.6722980963487508,
1998.0,173.0,46.78028999993326,-117.07707100000248,3,4,1.7105007987579592,
1998.0,173.0,46.78028999993326,-117.07707100000248,4,5,1.7347369703553903,
1998.0,175.0,46.780707999932396,-117.08687899999863,0,1,1.2853942969410872,
1998.0,175.0,46.780707999932396,-117.08687899999863,1,2,1.18230064973971,
1998.0,175.0,46.780707999932396,-117.08687899999863,2,3,1.3904019879808114,
1998.0,175.0,46.780707999932396,-117.08687899999863,3,4,1.4665581016053753,
1998.0,175.0,46.780707999932396,-117.08687899999863,4,5,1.6175289883204151,
1998.0,177.0,46.780762999930715,-117.08604300000336,0,1,1.3763093564736844,
1998.0,177.0,46.780762999930715,-117.08604300000336,1,2,1.4630208359221104,
1998.0,177.0,46.780762999930715,-117.08604300000336,2,3,1.5687942491166376,
1998.0,177.0,46.780762999930715,-117.08604300000336,3,4,1.6295971207250584,
1998.0,177.0,46.780762999930715,-117.08604300000336,4,5,1.7005064146205502,
1998.0,179.0,46.78078599993143,-117.08520700000078,0,1,1.3166605802553217,
1998.0,179.0,46.78078599993143,-117.08520700000078,1,2,1.2182526650362067,
1998.0,179.0,46.78078599993143,-117.08520700000078,2,3,1.415498215404657,
1998.0,179.0,46.78078599993143,-117.08520700000078,3,4,1.5472523538536682,
1998.0,179.0,46.78078599993143,-117.08520700000078,4,5,1.6924322474399436,
1998.0,181.0,46.78072299993372,-117.08437100000593,0,1,1.3702089207240293,
1998.0,181.0,46.78072299993372,-117.08437100000593,1,2,1.3406075932092496,
1998.0,181.0,46.78072299993372,-117.08437100000593,2,3,1.4138260552873358,
1998.0,181.0,46.78072299993372,-117.08437100000593,3,4,1.4857675990434855,
1998.0,181.0,46.78072299993372,-117.08437100000593,4,5,1.4709426158135457,
1998.0,183.0,46.78073899993008,-117.08353499999849,0,1,1.2857916586211076,
1998.0,183.0,46.78073899993008,-117.08353499999849,1,2,1.3219705870174763,
1998.0,183.0,46.78073899993008,-117.08353499999849,2,3,1.3339976684373338,
1998.0,183.0,46.78073899993008,-117.08353499999849,3,4,1.4600429981911869,
1998.0,183.0,46.78073899993008,-117.08353499999849,4,5,1.6610803740038131,
1998.0,185.0,46.78072899993331,-117.08269899999522,0,1,1.340400685889177,
1998.0,185.0,46.78072899993331,-117.08269899999522,1,2,1.3637163597499238,
1998.0,185.0,46.78072899993331,-117.08269899999522,2,3,1.4379393449935904,
1998.0,185.0,46.78072899993331,-117.08269899999522,3,4,1.4411047896422369,
1998.0,185.0,46.78072899993331,-117.08269899999522,4,5,1.573361838693921,
1998.0,187.0,46.7805679999344,-117.08186300000351,0,1,1.5358948638678571,
1998.0,187.0,46.7805679999344,-117.08186300000351,1,2,1.591522469215811,
1998.0,187.0,46.7805679999344,-117.08186300000351,2,3,1.6392474268109003,
1998.0,187.0,46.7805679999344,-117.08186300000351,3,4,1.664839382960268,
1998.0,187.0,46.7805679999344,-117.08186300000351,4,5,1.6717652686469247,
1998.0,189.0,46.78070899993351,-117.08102700000369,0,1,1.3609133339636281,
1998.0,189.0,46.78070899993351,-117.08102700000369,1,2,1.2288671892988154,
1998.0,189.0,46.78070899993351,-117.08102700000369,2,3,1.3716612889969129,
1998.0,189.0,46.78070899993351,-117.08102700000369,3,4,1.4183521208410463,
1998.0,189.0,46.78070899993351,-117.08102700000369,4,5,0.7082187734590525,
1998.0,191.0,46.780827999932974,-117.080190999997,0,1,1.3179799032422956,
1998.0,191.0,46.780827999932974,-117.080190999997,1,2,1.4203315446623872,
1998.0,191.0,46.780827999932974,-117.080190999997,2,3,1.5858776966560018,
1998.0,191.0,46.780827999932974,-117.080190999997,3,4,1.6316086404405348,
1998.0,191.0,46.780827999932974,-117.080190999997,4,5,1.6913005794701514,
1998.0,193.0,46.780762999934254,-117.07935500000444,0,1,1.341463333038937,
1998.0,193.0,46.780762999934254,-117.07935500000444,1,2,1.3614468996956839,
1998.0,193.0,46.780762999934254,-117.07935500000444,2,3,1.3911276711893659,
1998.0,193.0,46.780762999934254,-117.07935500000444,3,4,1.3504347949526063,
1998.0,193.0,46.780762999934254,-117.07935500000444,4,5,1.3803626694487539,
1998.0,195.0,46.78069599993146,-117.07851899999538,0,1,1.3921951303904485,
1998.0,195.0,46.78069599993146,-117.07851899999538,1,2,1.3986089606167282,
1998.0,195.0,46.78069599993146,-117.07851899999538,2,3,1.4328587255385363,
1998.0,195.0,46.78069599993146,-117.07851899999538,3,4,1.4330387359787347,
1998.0,195.0,46.78069599993146,-117.07851899999538,4,5,1.4381272119276298,
1998.0,197.0,46.780637999933774,-117.07768299999356,0,1,1.4980604860643472,
1998.0,197.0,46.780637999933774,-117.07768299999356,1,2,1.5255983955677654,
1998.0,197.0,46.780637999933774,-117.07768299999356,2,3,1.5618447671094853,
1998.0,197.0,46.780637999933774,-117.07768299999356,3,4,1.5156885854096203,
1998.0,197.0,46.780637999933774,-117.07768299999356,4,5,1.3754745295826205,
1998.0,199.0,46.7805759999337,-117.07684700000088,0,1,1.5189539475718326,
1998.0,199.0,46.7805759999337,-117.07684700000088,1,2,1.463545249108022,
1998.0,199.0,46.7805759999337,-117.07684700000088,2,3,1.5153887439867106,
1998.0,199.0,46.7805759999337,-117.07684700000088,3,4,1.712096925442212,
1998.0,199.0,46.7805759999337,-117.07684700000088,4,5,1.7229772651513675,
1998.0,201.0,46.781048999929155,-117.08624199999502,0,1,1.4357585620457622,
1998.0,201.0,46.781048999929155,-117.08624199999502,1,2,1.490054512063408,
1998.0,201.0,46.781048999929155,-117.08624199999502,2,3,1.5083068298337632,
1998.0,201.0,46.781048999929155,-117.08624199999502,3,4,1.653138452834142,
1998.0,201.0,46.781048999929155,-117.08624199999502,4,5,1.7,
1998.0,203.0,46.78107199993304,-117.08540599999945,0,1,1.4897153784843777,
1998.0,203.0,46.78107199993304,-117.08540599999945,1,2,1.4522481370916012,
1998.0,203.0,46.78107199993304,-117.08540599999945,2,3,1.6547447135381925,
1998.0,203.0,46.78107199993304,-117.08540599999945,3,4,1.6628685129628895,
1998.0,203.0,46.78107199993304,-117.08540599999945,4,5,1.6432683943893611,
1998.0,205.0,46.78100899993385,-117.08456999999541,0,1,1.5048023688409695,
1998.0,205.0,46.78100899993385,-117.08456999999541,1,2,1.3442805332332446,
1998.0,205.0,46.78100899993385,-117.08456999999541,2,3,1.3441187447844705,
1998.0,205.0,46.78100899993385,-117.08456999999541,3,4,1.5320628456378762,
1998.0,205.0,46.78100899993385,-117.08456999999541,4,5,1.5529686811900376,
1998.0,207.0,46.78103937750355,-117.0837549741222,0,1,1.4795162964751665,
1998.0,207.0,46.78103937750355,-117.0837549741222,1,2,1.2379430278920072,
1998.0,207.0,46.78103937750355,-117.0837549741222,2,3,1.205640464603117,
1998.0,207.0,46.78103937750355,-117.0837549741222,3,4,1.4851550052396731,
1998.0,207.0,46.78103937750355,-117.0837549741222,4,5,1.4995580474890688,
1998.0,209.0,46.78101499993282,-117.08289799999514,0,1,1.3749436751781785,
1998.0,209.0,46.78101499993282,-117.08289799999514,1,2,1.5154344873121954,
1998.0,209.0,46.78101499993282,-117.08289799999514,2,3,1.6320328224764957,
1998.0,209.0,46.78101499993282,-117.08289799999514,3,4,1.6110478668241068,
1998.0,209.0,46.78101499993282,-117.08289799999514,4,5,1.5878304975092037,
1998.0,211.0,46.78085399992829,-117.0820619999992,0,1,1.3934657644162245,
1998.0,211.0,46.78085399992829,-117.0820619999992,1,2,1.4058642936984358,
1998.0,211.0,46.78085399992829,-117.0820619999992,2,3,1.3977339127628827,
1998.0,211.0,46.78085399992829,-117.0820619999992,3,4,1.4599434682990384,
1998.0,211.0,46.78085399992829,-117.0820619999992,4,5,1.6256667648707341,
1998.0,213.0,46.780994999933746,-117.08122599999662,0,1,1.4241784410805913,
1998.0,213.0,46.780994999933746,-117.08122599999662,1,2,1.423397006927271,
1998.0,213.0,46.780994999933746,-117.08122599999662,2,3,1.4811490967834127,
1998.0,213.0,46.780994999933746,-117.08122599999662,3,4,1.5606481971284976,
1998.0,213.0,46.780994999933746,-117.08122599999662,4,5,1.5379660727441262,
1998.0,215.0,46.781118062986096,-117.08043771337856,0,1,1.4173356615897237,
1998.0,215.0,46.781118062986096,-117.08043771337856,1,2,1.3299344169028473,
1998.0,215.0,46.781118062986096,-117.08043771337856,2,3,1.3601692466025377,
1998.0,215.0,46.781118062986096,-117.08043771337856,3,4,1.397687569763869,
1998.0,215.0,46.781118062986096,-117.08043771337856,4,5,1.508654441103002,
1998.0,217.0,46.78104899993151,-117.07955400000166,0,1,1.3336097777297797,
1998.0,217.0,46.78104899993151,-117.07955400000166,1,2,1.380916332508984,
1998.0,217.0,46.78104899993151,-117.07955400000166,2,3,1.4274127129312983,
1998.0,217.0,46.78104899993151,-117.07955400000166,3,4,1.4917667097074498,
1998.0,217.0,46.78104899993151,-117.07955400000166,4,5,1.5857689886575497,
1998.0,219.0,46.78098199992746,-117.07871799999485,0,1,1.2548334732872994,
1998.0,219.0,46.78098199992746,-117.07871799999485,1,2,1.222749174622846,
1998.0,219.0,46.78098199992746,-117.07871799999485,2,3,1.3258390833116231,
1998.0,219.0,46.78098199992746,-117.07871799999485,3,4,1.3745256231624885,
1998.0,219.0,46.78098199992746,-117.07871799999485,4,5,1.4155323949669936,
1998.0,221.0,46.78092399992803,-117.07788200000236,0,1,1.3208717314318486,
1998.0,221.0,46.78092399992803,-117.07788200000236,1,2,1.3681660754380893,
1998.0,221.0,46.78092399992803,-117.07788200000236,2,3,1.4757845310431135,
1998.0,221.0,46.78092399992803,-117.07788200000236,3,4,1.5562010393951677,
1998.0,221.0,46.78092399992803,-117.07788200000236,4,5,1.5054884295795854,
1998.0,223.0,46.780861999935425,-117.07704600000427,0,1,1.5224893150504293,
1998.0,223.0,46.780861999935425,-117.07704600000427,1,2,1.5497898840568678,
1998.0,223.0,46.780861999935425,-117.07704600000427,2,3,1.6535406743920673,
1998.0,223.0,46.780861999935425,-117.07704600000427,3,4,1.7441642881865191,
1998.0,223.0,46.780861999935425,-117.07704600000427,4,5,1.7419774441586062,
1998.0,225.0,46.781364999935064,-117.08629499999674,0,1,1.4164514667431933,
1998.0,225.0,46.781364999935064,-117.08629499999674,1,2,1.4348119368981704,
1998.0,225.0,46.781364999935064,-117.08629499999674,2,3,1.5146458665022122,
1998.0,225.0,46.781364999935064,-117.08629499999674,3,4,1.57556636464153,
1998.0,225.0,46.781364999935064,-117.08629499999674,4,5,1.6033664832915595,
1998.0,227.0,46.78122202835613,-117.08543278168331,0,1,1.4280753405907722,
1998.0,227.0,46.78122202835613,-117.08543278168331,1,2,1.4559277869936995,
1998.0,227.0,46.78122202835613,-117.08543278168331,2,3,1.4912064054682614,
1998.0,227.0,46.78122202835613,-117.08543278168331,3,4,1.5102459501834469,
1998.0,227.0,46.78122202835613,-117.08543278168331,4,5,1.6211436676472142,
1998.0,229.0,46.78120599993148,-117.08462300000315,0,1,1.4063206033312847,
1998.0,229.0,46.78120599993148,-117.08462300000315,1,2,1.2958649667488613,
1998.0,229.0,46.78120599993148,-117.08462300000315,2,3,1.4540701148567017,
1998.0,229.0,46.78120599993148,-117.08462300000315,3,4,1.5647958299972666,
1998.0,229.0,46.78120599993148,-117.08462300000315,4,5,1.5374871398188683,
1998.0,231.0,46.78124799993449,-117.08378699999498,0,1,1.4137193851658394,
1998.0,231.0,46.78124799993449,-117.08378699999498,1,2,1.55809060256703,
1998.0,231.0,46.78124799993449,-117.08378699999498,2,3,1.6115738699942526,
1998.0,231.0,46.78124799993449,-117.08378699999498,3,4,1.6180550755681489,
1998.0,231.0,46.78124799993449,-117.08378699999498,4,5,1.6248142983607128,
1998.0,233.0,46.78123199993021,-117.08295099999891,0,1,1.3261743192084452,
1998.0,233.0,46.78123199993021,-117.08295099999891,1,2,1.1767296949801525,
1998.0,233.0,46.78123199993021,-117.08295099999891,2,3,1.2263948840252445,
1998.0,233.0,46.78123199993021,-117.08295099999891,3,4,1.2392955442143705,
1998.0,233.0,46.78123199993021,-117.08295099999891,4,5,1.2292808960428658,
1998.0,235.0,46.78133799992742,-117.08211500000289,0,1,1.3846789511602158,
1998.0,235.0,46.78133799992742,-117.08211500000289,1,2,1.3105761031788186,
1998.0,235.0,46.78133799992742,-117.08211500000289,2,3,1.452795757045564,
1998.0,235.0,46.78133799992742,-117.08211500000289,3,4,1.547458781117196,
1998.0,235.0,46.78133799992742,-117.08211500000289,4,5,1.559708476598456,
1998.0,237.0,46.78126347505042,-117.08124366991305,0,1,1.3414645146663147,
1998.0,237.0,46.78126347505042,-117.08124366991305,1,2,1.4615800032709556,
1998.0,237.0,46.78126347505042,-117.08124366991305,2,3,1.5938195002045878,
1998.0,237.0,46.78126347505042,-117.08124366991305,3,4,1.5852727890788774,
1998.0,237.0,46.78126347505042,-117.08124366991305,4,5,1.5736342434969393,
1998.0,239.0,46.781153377839686,-117.08045495122812,0,1,1.4277495103633024,
1998.0,239.0,46.781153377839686,-117.08045495122812,1,2,1.2604203475607292,
1998.0,239.0,46.781153377839686,-117.08045495122812,2,3,1.313287546943395,
1998.0,239.0,46.781153377839686,-117.08045495122812,3,4,1.4267487754507715,
1998.0,239.0,46.781153377839686,-117.08045495122812,4,5,1.615654818866152,
1998.0,241.0,46.78137099993001,-117.07960700000372,0,1,1.1673826029238912,
1998.0,241.0,46.78137099993001,-117.07960700000372,1,2,1.3738605984033585,
1998.0,241.0,46.78137099993001,-117.07960700000372,2,3,1.4354098184409882,
1998.0,241.0,46.78137099993001,-117.07960700000372,3,4,1.467722432184583,
1998.0,241.0,46.78137099993001,-117.07960700000372,4,5,1.5053058312033847,
1998.0,243.0,46.781255999928206,-117.07877100000395,0,1,1.2724041003648752,
1998.0,243.0,46.781255999928206,-117.07877100000395,1,2,1.2668610985241027,
1998.0,243.0,46.781255999928206,-117.07877100000395,2,3,1.3872171205773576,
1998.0,243.0,46.781255999928206,-117.07877100000395,3,4,1.470156735178672,
1998.0,243.0,46.781255999928206,-117.07877100000395,4,5,1.501057677915271,
1998.0,245.0,46.781272999935595,-117.07793500000028,0,1,1.3599681067740161,
1998.0,245.0,46.781272999935595,-117.07793500000028,1,2,1.2787290876565813,
1998.0,245.0,46.781272999935595,-117.07793500000028,2,3,1.509375796285603,
1998.0,245.0,46.781272999935595,-117.07793500000028,3,4,1.5960120695236284,
1998.0,245.0,46.781272999935595,-117.07793500000028,4,5,1.5502328597037165,
1998.0,247.0,46.78137399993236,-117.07709900000047,0,1,1.4529213128063228,
1998.0,247.0,46.78137399993236,-117.07709900000047,1,2,1.466042080002652,
1998.0,247.0,46.78137399993236,-117.07709900000047,2,3,1.5197210672047647,
1998.0,247.0,46.78137399993236,-117.07709900000047,3,4,1.5324218049321434,
1998.0,247.0,46.78137399993236,-117.07709900000047,4,5,1.5231566139724109,
1998.0,249.0,46.7815259999292,-117.08586399999895,0,1,1.3790449050709217,
1998.0,249.0,46.7815259999292,-117.08586399999895,1,2,1.3855337945562654,
1998.0,249.0,46.7815259999292,-117.08586399999895,2,3,1.336872390877266,
1998.0,249.0,46.7815259999292,-117.08586399999895,3,4,1.4973701842005727,
1998.0,249.0,46.7815259999292,-117.08586399999895,4,5,1.6806801304501517,
1998.0,251.0,46.781491999931966,-117.08502800000515,0,1,1.2822576453467611,
1998.0,251.0,46.781491999931966,-117.08502800000515,1,2,1.26092693678392,
1998.0,251.0,46.781491999931966,-117.08502800000515,2,3,1.325562550246755,
1998.0,251.0,46.781491999931966,-117.08502800000515,3,4,1.4084938493323367,
1998.0,251.0,46.781491999931966,-117.08502800000515,4,5,1.5049329872531563,
1998.0,253.0,46.781533999930076,-117.08419199999821,0,1,1.3872946540852609,
1998.0,253.0,46.781533999930076,-117.08419199999821,1,2,1.5580882085314751,
1998.0,253.0,46.781533999930076,-117.08419199999821,2,3,1.526498282721227,
1998.0,253.0,46.781533999930076,-117.08419199999821,3,4,1.5,
1998.0,253.0,46.781533999930076,-117.08419199999821,4,5,1.490682416,
1998.0,255.0,46.781517999932795,-117.08335600000035,0,1,1.2940081096541372,
1998.0,255.0,46.781517999932795,-117.08335600000035,1,2,1.3045742564837162,
1998.0,255.0,46.781517999932795,-117.08335600000035,2,3,1.5455960426307471,
1998.0,255.0,46.781517999932795,-117.08335600000035,3,4,1.5900459432746843,
1998.0,255.0,46.781517999932795,-117.08335600000035,4,5,1.6142405581596564,
1998.0,257.0,46.78162399993097,-117.0825200000012,0,1,1.3827361673185248,
1998.0,257.0,46.78162399993097,-117.0825200000012,1,2,1.3904327805846415,
1998.0,257.0,46.78162399993097,-117.0825200000012,2,3,1.3840804471991417,
1998.0,257.0,46.78162399993097,-117.0825200000012,3,4,1.474600474242961,
1998.0,257.0,46.78162399993097,-117.0825200000012,4,5,1.404533983663196,
1998.0,259.0,46.781564999929024,-117.08168399999407,0,1,1.36063381413097,
1998.0,259.0,46.781564999929024,-117.08168399999407,1,2,1.567752658418458,
1998.0,259.0,46.781564999929024,-117.08168399999407,2,3,1.6594233379260699,
1998.0,259.0,46.781564999929024,-117.08168399999407,3,4,1.706124927137326,
1998.0,259.0,46.781564999929024,-117.08168399999407,4,5,1.70998982870875,
1998.0,261.0,46.78142299992753,-117.08084800000364,0,1,1.264874243214737,
1998.0,261.0,46.78142299992753,-117.08084800000364,1,2,1.16939684170158,
1998.0,261.0,46.78142299992753,-117.08084800000364,2,3,1.5685529364209791,
1998.0,261.0,46.78142299992753,-117.08084800000364,3,4,1.6010690813719766,
1998.0,261.0,46.78142299992753,-117.08084800000364,4,5,1.6453016961975389,
1998.0,263.0,46.78165699993257,-117.08001200000204,0,1,1.331400269905538,
1998.0,263.0,46.78165699993257,-117.08001200000204,1,2,1.4377900434155972,
1998.0,263.0,46.78165699993257,-117.08001200000204,2,3,1.4630821507460263,
1998.0,263.0,46.78165699993257,-117.08001200000204,3,4,1.5905107785603392,
1998.0,263.0,46.78165699993257,-117.08001200000204,4,5,1.56452916018177,
1998.0,265.0,46.781533819161616,-117.07915809762369,0,1,1.2556090836985656,
1998.0,265.0,46.781533819161616,-117.07915809762369,1,2,1.2004676053291035,
1998.0,265.0,46.781533819161616,-117.07915809762369,2,3,1.3203489530098251,
1998.0,265.0,46.781533819161616,-117.07915809762369,3,4,1.4302456891465891,
1998.0,265.0,46.781533819161616,-117.07915809762369,4,5,1.480324555143318,
1998.0,267.0,46.78155899992849,-117.07833999999748,0,1,1.3329708697438178,
1998.0,267.0,46.78155899992849,-117.07833999999748,1,2,1.4474822066354802,
1998.0,267.0,46.78155899992849,-117.07833999999748,2,3,1.558844077178992,
1998.0,267.0,46.78155899992849,-117.07833999999748,3,4,1.662080958778358,
1998.0,267.0,46.78155899992849,-117.07833999999748,4,5,1.6960999371612742,
1998.0,269.0,46.78165999993548,-117.07750399999632,0,1,1.5153604436546217,
1998.0,269.0,46.78165999993548,-117.07750399999632,1,2,1.3304176891119495,
1998.0,269.0,46.78165999993548,-117.07750399999632,2,3,1.3675100552597934,
1998.0,269.0,46.78165999993548,-117.07750399999632,3,4,1.475236196,
1998.0,269.0,46.78165999993548,-117.07750399999632,4,5,1.61,
1998.0,271.0,46.78155799992734,-117.07666799999859,0,1,1.3714830707496075,
1998.0,271.0,46.78155799992734,-117.07666799999859,1,2,1.4047952071459848,
1998.0,271.0,46.78155799992734,-117.07666799999859,2,3,1.6384061212668493,
1998.0,271.0,46.78155799992734,-117.07666799999859,3,4,1.6495910418973794,
1998.0,271.0,46.78155799992734,-117.07666799999859,4,5,1.5726765702601668,
1998.0,273.0,46.78192999992811,-117.08517200000414,0,1,1.3110883100560218,
1998.0,273.0,46.78192999992811,-117.08517200000414,1,2,1.502959070533466,
1998.0,273.0,46.78192999992811,-117.08517200000414,2,3,1.6048795778817742,
1998.0,273.0,46.78192999992811,-117.08517200000414,3,4,1.5892157631848844,
1998.0,273.0,46.78192999992811,-117.08517200000414,4,5,1.6814479436896161,
1998.0,275.0,46.781877779161434,-117.08435696899372,0,1,1.2176733098318733,
1998.0,275.0,46.781877779161434,-117.08435696899372,1,2,1.2388680154658407,
1998.0,275.0,46.781877779161434,-117.08435696899372,2,3,1.3950289221123016,
1998.0,275.0,46.781877779161434,-117.08435696899372,3,4,1.4678726729943308,
1998.0,275.0,46.781877779161434,-117.08435696899372,4,5,1.5162545778794343,
1998.0,277.0,46.78188299993486,-117.083499999999,0,1,1.4165485598120644,
1998.0,277.0,46.78188299993486,-117.083499999999,1,2,1.448126448619495,
1998.0,277.0,46.78188299993486,-117.083499999999,2,3,1.4535016600730637,
1998.0,277.0,46.78188299993486,-117.083499999999,3,4,1.4234896180918593,
1998.0,277.0,46.78188299993486,-117.083499999999,4,5,1.3390780013827908,
1998.0,279.0,46.781859366581614,-117.0826500763833,0,1,1.3305213220362382,
1998.0,279.0,46.781859366581614,-117.0826500763833,1,2,1.4299401710297657,
1998.0,279.0,46.781859366581614,-117.0826500763833,2,3,1.5167413467941406,
1998.0,279.0,46.781859366581614,-117.0826500763833,3,4,1.537812326339765,
1998.0,279.0,46.781859366581614,-117.0826500763833,4,5,1.6236934105379697,
1998.0,281.0,46.781704814720364,-117.08181227504208,0,1,1.2838139917849107,
1998.0,281.0,46.781704814720364,-117.08181227504208,1,2,1.2963165193975867,
1998.0,281.0,46.781704814720364,-117.08181227504208,2,3,1.358217947630854,
1998.0,281.0,46.781704814720364,-117.08181227504208,3,4,1.3268199150230222,
1998.0,281.0,46.781704814720364,-117.08181227504208,4,5,1.3729487137699548,
1998.0,283.0,46.78185299992892,-117.08099199999462,0,1,1.3151695895691977,
1998.0,283.0,46.78185299992892,-117.08099199999462,1,2,1.3759566056008223,
1998.0,283.0,46.78185299992892,-117.08099199999462,2,3,1.5167654345673438,
1998.0,283.0,46.78185299992892,-117.08099199999462,3,4,1.587206914578206,
1998.0,283.0,46.78185299992892,-117.08099199999462,4,5,1.5416529120340454,
1998.0,285.0,46.78197199993537,-117.0801559999965,0,1,1.2159352645416153,
1998.0,285.0,46.78197199993537,-117.0801559999965,1,2,1.4264783790160411,
1998.0,285.0,46.78197199993537,-117.0801559999965,2,3,1.5203319078599051,
1998.0,285.0,46.78197199993537,-117.0801559999965,3,4,1.5273912858824539,
1998.0,285.0,46.78197199993537,-117.0801559999965,4,5,1.514491681546165,
1998.0,287.0,46.7819069999356,-117.07931999999558,0,1,1.114346761647272,
1998.0,287.0,46.7819069999356,-117.07931999999558,1,2,1.2199311738015715,
1998.0,287.0,46.7819069999356,-117.07931999999558,2,3,1.4413156671859837,
1998.0,287.0,46.7819069999356,-117.07931999999558,3,4,1.5353760288021336,
1998.0,287.0,46.7819069999356,-117.07931999999558,4,5,1.5664011915459832,
1998.0,289.0,46.7818399999322,-117.07848400000559,0,1,1.2953237510442854,
1998.0,289.0,46.7818399999322,-117.07848400000559,1,2,1.3238366125640666,
1998.0,289.0,46.7818399999322,-117.07848400000559,2,3,1.4114622598393967,
1998.0,289.0,46.7818399999322,-117.07848400000559,3,4,1.4728342000163934,
1998.0,289.0,46.7818399999322,-117.07848400000559,4,5,1.5508714616938684,
1998.0,291.0,46.7817819999321,-117.0776480000042,0,1,1.4346138598232574,
1998.0,291.0,46.7817819999321,-117.0776480000042,1,2,1.5761336768719056,
1998.0,291.0,46.7817819999321,-117.0776480000042,2,3,1.6402230068412935,
1998.0,291.0,46.7817819999321,-117.0776480000042,3,4,1.6690030950021892,
1998.0,291.0,46.7817819999321,-117.0776480000042,4,5,1.6271812688821066,
1998.0,293.0,46.78171999993043,-117.07681200000135,0,1,1.4555752704521183,
1998.0,293.0,46.78171999993043,-117.07681200000135,1,2,1.5274115852100234,
1998.0,293.0,46.78171999993043,-117.07681200000135,2,3,1.5780878748248803,
1998.0,293.0,46.78171999993043,-117.07681200000135,3,4,1.6425963653779239,
1998.0,293.0,46.78171999993043,-117.07681200000135,4,5,1.6766098084890602,
1998.0,298.0,46.782215999928205,-117.08511799999737,0,1,1.375437942814018,
1998.0,298.0,46.782215999928205,-117.08511799999737,1,2,1.3906376411625074,
1998.0,298.0,46.782215999928205,-117.08511799999737,2,3,1.4873631542987436,
1998.0,298.0,46.782215999928205,-117.08511799999737,3,4,1.6015172567574212,
1998.0,298.0,46.782215999928205,-117.08511799999737,4,5,1.7194628376242402,
1998.0,300.0,46.78215299993329,-117.08428200000387,0,1,1.3578452957761904,
1998.0,300.0,46.78215299993329,-117.08428200000387,1,2,1.2427061370501729,
1998.0,300.0,46.78215299993329,-117.08428200000387,2,3,1.4629905799865077,
1998.0,300.0,46.78215299993329,-117.08428200000387,3,4,1.5865748585994615,
1998.0,300.0,46.78215299993329,-117.08428200000387,4,5,1.6254181687286708,
1998.0,302.0,46.782154618489045,-117.0834302635791,0,1,1.2694856232312273,
1998.0,302.0,46.782154618489045,-117.0834302635791,1,2,1.2981350288264122,
1998.0,302.0,46.782154618489045,-117.0834302635791,2,3,1.428306091598981,
1998.0,302.0,46.782154618489045,-117.0834302635791,3,4,1.4893572317385972,
1998.0,302.0,46.782154618489045,-117.0834302635791,4,5,1.5621113165331082,
1998.0,304.0,46.782158999932356,-117.08261000000587,0,1,1.3837406788963587,
1998.0,304.0,46.782158999932356,-117.08261000000587,1,2,1.4539685618230431,
1998.0,304.0,46.782158999932356,-117.08261000000587,2,3,1.5478986635399214,
1998.0,304.0,46.782158999932356,-117.08261000000587,3,4,1.5011040137576837,
1998.0,304.0,46.782158999932356,-117.08261000000587,4,5,1.4594390222755298,
1998.0,306.0,46.78199799993392,-117.08177400000321,0,1,1.2087896588676883,
1998.0,306.0,46.78199799993392,-117.08177400000321,1,2,1.497101447408597,
1998.0,306.0,46.78199799993392,-117.08177400000321,2,3,1.5616388148963378,
1998.0,306.0,46.78199799993392,-117.08177400000321,3,4,1.5361021545847031,
1998.0,306.0,46.78199799993392,-117.08177400000321,4,5,1.489842018025724,
1998.0,308.0,46.78213899992965,-117.08093800000343,0,1,1.2690912449203569,
1998.0,308.0,46.78213899992965,-117.08093800000343,1,2,1.3491428467437472,
1998.0,308.0,46.78213899992965,-117.08093800000343,2,3,1.3910915921912048,
1998.0,308.0,46.78213899992965,-117.08093800000343,3,4,1.4477401763375093,
1998.0,308.0,46.78213899992965,-117.08093800000343,4,5,1.4158561750263479,
1998.0,310.0,46.782257999931275,-117.08010200000605,0,1,1.2476121097832376,
1998.0,310.0,46.782257999931275,-117.08010200000605,1,2,1.263183196774029,
1998.0,310.0,46.782257999931275,-117.08010200000605,2,3,1.4117341730336272,
1998.0,310.0,46.782257999931275,-117.08010200000605,3,4,1.4599474151650371,
1998.0,310.0,46.782257999931275,-117.08010200000605,4,5,1.46,
1998.0,312.0,46.78221345801436,-117.07930181125649,0,1,1.2238163960526576,
1998.0,312.0,46.78221345801436,-117.07930181125649,1,2,1.215525658345379,
1998.0,312.0,46.78221345801436,-117.07930181125649,2,3,1.4270164830011995,
1998.0,312.0,46.78221345801436,-117.07930181125649,3,4,1.5025089645080119,
1998.0,312.0,46.78221345801436,-117.07930181125649,4,5,1.5836441129403136,
1998.0,314.0,46.78212599992811,-117.0784300000039,0,1,1.4047671873780778,
1998.0,314.0,46.78212599992811,-117.0784300000039,1,2,1.5380912281175543,
1998.0,314.0,46.78212599992811,-117.0784300000039,2,3,1.5916025581248692,
1998.0,314.0,46.78212599992811,-117.0784300000039,3,4,1.6156295989229714,
1998.0,314.0,46.78212599992811,-117.0784300000039,4,5,1.6850380764135302,
1998.0,316.0,46.78206799993214,-117.07759399999556,0,1,1.4136654418147745,
1998.0,316.0,46.78206799993214,-117.07759399999556,1,2,1.3706660554876837,
1998.0,316.0,46.78206799993214,-117.07759399999556,2,3,1.4749906378765136,
1998.0,316.0,46.78206799993214,-117.07759399999556,3,4,1.6418094492863966,
1998.0,316.0,46.78206799993214,-117.07759399999556,4,5,1.6320490575040378,
1998.0,324.0,46.782349999928684,-117.08475100000491,0,1,1.4763538396853206,
1998.0,324.0,46.782349999928684,-117.08475100000491,1,2,1.4714509493203087,
1998.0,324.0,46.782349999928684,-117.08475100000491,2,3,1.5794944865795806,
1998.0,324.0,46.782349999928684,-117.08475100000491,3,4,1.6110263487375487,
1998.0,324.0,46.782349999928684,-117.08475100000491,4,5,1.6302921253747118,
1998.0,326.0,46.78239199992981,-117.08391499999607,0,1,1.2789849943028846,
1998.0,326.0,46.78239199992981,-117.08391499999607,1,2,1.213373352731788,
1998.0,326.0,46.78239199992981,-117.08391499999607,2,3,1.4915824200603758,
1998.0,326.0,46.78239199992981,-117.08391499999607,3,4,1.5921745518406119,
1998.0,326.0,46.78239199992981,-117.08391499999607,4,5,1.637433209551135,
1998.0,328.0,46.78237599993534,-117.08307900000428,0,1,1.28135187155,
1998.0,328.0,46.78237599993534,-117.08307900000428,1,2,1.320561172495258,
1998.0,328.0,46.78237599993534,-117.08307900000428,2,3,1.4488432634158586,
1998.0,328.0,46.78237599993534,-117.08307900000428,3,4,1.4627905133711283,
1998.0,328.0,46.78237599993534,-117.08307900000428,4,5,1.4013970879778102,
1998.0,330.0,46.78248199993588,-117.08224300000391,0,1,1.2288312879094032,
1998.0,330.0,46.78248199993588,-117.08224300000391,1,2,1.3290650350369613,
1998.0,330.0,46.78248199993588,-117.08224300000391,2,3,1.432476113993553,
1998.0,330.0,46.78248199993588,-117.08224300000391,3,4,1.445302249267072,
1998.0,330.0,46.78248199993588,-117.08224300000391,4,5,1.4178291756015526,
1998.0,332.0,46.78242299993423,-117.0814069999997,0,1,1.3059778570643903,
1998.0,332.0,46.78242299993423,-117.0814069999997,1,2,1.415866688475002,
1998.0,332.0,46.78242299993423,-117.0814069999997,2,3,1.4834859208130684,
1998.0,332.0,46.78242299993423,-117.0814069999997,3,4,1.4916262315004536,
1998.0,332.0,46.78242299993423,-117.0814069999997,4,5,1.5426279126178581,
1998.0,334.0,46.7822809999276,-117.08057100000387,0,1,1.137836217523113,
1998.0,334.0,46.7822809999276,-117.08057100000387,1,2,1.334970770485642,
1998.0,334.0,46.7822809999276,-117.08057100000387,2,3,1.5133807234006436,
1998.0,334.0,46.7822809999276,-117.08057100000387,3,4,1.5813265380515733,
1998.0,334.0,46.7822809999276,-117.08057100000387,4,5,1.6069829683017525,
1998.0,336.0,46.78251499993372,-117.07973500000216,0,1,1.384352432457626,
1998.0,336.0,46.78251499993372,-117.07973500000216,1,2,1.3232486864056523,
1998.0,336.0,46.78251499993372,-117.07973500000216,2,3,1.4684578279625085,
1998.0,336.0,46.78251499993372,-117.07973500000216,3,4,1.5950522732937462,
1998.0,336.0,46.78251499993372,-117.07973500000216,4,5,1.640325553833799,
1998.0,338.0,46.78239454805347,-117.07889104753008,0,1,1.2656162023763964,
1998.0,338.0,46.78239454805347,-117.07889104753008,1,2,1.270033841330767,
1998.0,338.0,46.78239454805347,-117.07889104753008,2,3,1.3971272227072342,
1998.0,338.0,46.78239454805347,-117.07889104753008,3,4,1.5763927428407036,
1998.0,338.0,46.78239454805347,-117.07889104753008,4,5,1.6939779318717443,
1998.0,349.0,46.78272499993558,-117.08419899999996,0,1,1.3264138757285333,
1998.0,349.0,46.78272499993558,-117.08419899999996,1,2,1.299225458487809,
1998.0,349.0,46.78272499993558,-117.08419899999996,2,3,1.3967342959569227,
1998.0,349.0,46.78272499993558,-117.08419899999996,3,4,1.621103048550406,
1998.0,349.0,46.78272499993558,-117.08419899999996,4,5,1.6532942978848468,
1998.0,351.0,46.78274099993623,-117.08336300000116,0,1,1.3495243930082548,
1998.0,351.0,46.78274099993623,-117.08336300000116,1,2,1.3880691802959029,
1998.0,351.0,46.78274099993623,-117.08336300000116,2,3,1.4676843928873702,
1998.0,351.0,46.78274099993623,-117.08336300000116,3,4,1.5285828781814403,
1998.0,351.0,46.78274099993623,-117.08336300000116,4,5,1.45,
1998.0,353.0,46.782730999934905,-117.08252699999642,0,1,1.1957750620416,
1998.0,353.0,46.782730999934905,-117.08252699999642,1,2,1.297678535387747,
1998.0,353.0,46.782730999934905,-117.08252699999642,2,3,1.4691509132660232,
1998.0,353.0,46.782730999934905,-117.08252699999642,3,4,1.5209117869919773,
1998.0,353.0,46.782730999934905,-117.08252699999642,4,5,1.5524808937776724,
1998.0,355.0,46.78256999993061,-117.08169100000478,0,1,1.2779429959047803,
1998.0,355.0,46.78256999993061,-117.08169100000478,1,2,1.247923795109869,
1998.0,355.0,46.78256999993061,-117.08169100000478,2,3,1.4275380973895497,
1998.0,355.0,46.78256999993061,-117.08169100000478,3,4,1.4980036512405557,
1998.0,355.0,46.78256999993061,-117.08169100000478,4,5,1.5650458932103908,
1998.0,357.0,46.78271099993514,-117.08085500000178,0,1,1.2142274615890443,
1998.0,357.0,46.78271099993514,-117.08085500000178,1,2,1.2948397927528523,
1998.0,357.0,46.78271099993514,-117.08085500000178,2,3,1.4174199423996425,
1998.0,357.0,46.78271099993514,-117.08085500000178,3,4,1.534855090281892,
1998.0,357.0,46.78271099993514,-117.08085500000178,4,5,1.5594369254292426,
1998.0,359.0,46.78282999992979,-117.08001899999522,0,1,1.3045549953028757,
1998.0,359.0,46.78282999992979,-117.08001899999522,1,2,1.3734430244926419,
1998.0,359.0,46.78282999992979,-117.08001899999522,2,3,1.55974047187301,
1998.0,359.0,46.78282999992979,-117.08001899999522,3,4,1.64762585698738,
1998.0,359.0,46.78282999992979,-117.08001899999522,4,5,1.6950301872311593,
1998.0,371.0,46.782965966511796,-117.08422983281821,0,1,1.3276384195468773,
1998.0,371.0,46.782965966511796,-117.08422983281821,1,2,1.2336907490888396,
1998.0,371.0,46.782965966511796,-117.08422983281821,2,3,1.3273606005995424,
1998.0,371.0,46.782965966511796,-117.08422983281821,3,4,1.6207673445168664,
1998.0,371.0,46.782965966511796,-117.08422983281821,4,5,1.669775874745788,
1998.0,373.0,46.783026999929504,-117.08337999999556,0,1,1.4075175390873222,
1998.0,373.0,46.783026999929504,-117.08337999999556,1,2,1.4024730008070085,
1998.0,373.0,46.783026999929504,-117.08337999999556,2,3,1.52864187364173,
1998.0,373.0,46.783026999929504,-117.08337999999556,3,4,1.4894679008477723,
1998.0,373.0,46.783026999929504,-117.08337999999556,4,5,1.661043175593916,
1998.0,375.0,46.78300621659604,-117.08252826907024,0,1,1.2954518404652007,
1998.0,375.0,46.78300621659604,-117.08252826907024,1,2,1.2620051401445915,
1998.0,375.0,46.78300621659604,-117.08252826907024,2,3,1.5043363823249867,
1998.0,375.0,46.78300621659604,-117.08252826907024,3,4,1.5661323806445329,
1998.0,375.0,46.78300621659604,-117.08252826907024,4,5,1.6127768137938556,
1998.0,377.0,46.78282132263514,-117.0816503302306,0,1,1.434130430697271,
1998.0,377.0,46.78282132263514,-117.0816503302306,1,2,1.2983731258961233,
1998.0,377.0,46.78282132263514,-117.0816503302306,2,3,1.4477513216838296,
1998.0,377.0,46.78282132263514,-117.0816503302306,3,4,1.5714139975347519,
1998.0,377.0,46.78282132263514,-117.0816503302306,4,5,1.6310654613185864,
1998.0,379.0,46.782996999932394,-117.08087200000193,0,1,1.2597997893841169,
1998.0,379.0,46.782996999932394,-117.08087200000193,1,2,1.359684183097258,
1998.0,379.0,46.782996999932394,-117.08087200000193,2,3,1.416499273227304,
1998.0,379.0,46.782996999932394,-117.08087200000193,3,4,1.5104780553664636,
1998.0,379.0,46.782996999932394,-117.08087200000193,4,5,1.5071693376711608,
1998.0,381.0,46.7831159999279,-117.08003599999516,0,1,1.4059312417262122,
1998.0,381.0,46.7831159999279,-117.08003599999516,1,2,1.382503270648256,
1998.0,381.0,46.7831159999279,-117.08003599999516,2,3,1.5267781211294464,WARNING: Sum of weights does not equal 1
1998.0,395.0,46.78331299993314,-117.0834979999997,0,1,1.365479272271957,
1998.0,395.0,46.78331299993314,-117.0834979999997,1,2,1.3501381036580944,
1998.0,395.0,46.78331299993314,-117.0834979999997,2,3,1.586472168026748,
1998.0,395.0,46.78331299993314,-117.0834979999997,3,4,1.6393051657935795,
1998.0,395.0,46.78331299993314,-117.0834979999997,4,5,1.6439816323849676,
1998.0,397.0,46.783302999928296,-117.08266199999737,0,1,1.4376655414984156,
1998.0,397.0,46.783302999928296,-117.08266199999737,1,2,1.425994127064501,
1998.0,397.0,46.783302999928296,-117.08266199999737,2,3,1.4855475683571675,
1998.0,397.0,46.783302999928296,-117.08266199999737,3,4,1.570446496229568,
1998.0,397.0,46.783302999928296,-117.08266199999737,4,5,1.5660389532659211,
1998.0,399.0,46.78314199993558,-117.08182599999544,0,1,1.3128292973612452,
1998.0,399.0,46.78314199993558,-117.08182599999544,1,2,1.3617754065008953,
1998.0,399.0,46.78314199993558,-117.08182599999544,2,3,1.4803761649346001,
1998.0,399.0,46.78314199993558,-117.08182599999544,3,4,1.605458374029122,
1998.0,399.0,46.78314199993558,-117.08182599999544,4,5,1.6300040954293569,
1998.0,401.0,46.78328299993045,-117.0809899999946,0,1,1.3853126805530238,
1998.0,401.0,46.78328299993045,-117.0809899999946,1,2,1.3711148206899189,
1998.0,401.0,46.78328299993045,-117.0809899999946,2,3,1.5262051993057857,
1998.0,401.0,46.78328299993045,-117.0809899999946,3,4,1.6170387284122076,
1998.0,401.0,46.78328299993045,-117.0809899999946,4,5,1.6333604127773174,
1998.0,419.0,46.783457103099956,-117.08321056236672,0,1,1.4200902250799128,
1998.0,419.0,46.783457103099956,-117.08321056236672,1,2,1.2683086991325099,
1998.0,419.0,46.783457103099956,-117.08321056236672,2,3,1.501041414546842,
1998.0,419.0,46.783457103099956,-117.08321056236672,3,4,1.6841521199542826,
1998.0,419.0,46.783457103099956,-117.08321056236672,4,5,1.7013718030296248,
1998.0,421.0,46.7835523141955,-117.08236677699709,0,1,1.4141744243561944,
1998.0,421.0,46.7835523141955,-117.08236677699709,1,2,1.2738233865401412,
1998.0,421.0,46.7835523141955,-117.08236677699709,2,3,1.468076591669841,
1998.0,421.0,46.7835523141955,-117.08236677699709,3,4,1.6168373448856184,
1998.0,421.0,46.7835523141955,-117.08236677699709,4,5,1.6986081623201614,
1998.0,423.0,46.78355262941661,-117.0814835490853,0,1,1.4458990822754667,
1998.0,423.0,46.78355262941661,-117.0814835490853,1,2,1.3964962635717555,
1998.0,423.0,46.78355262941661,-117.0814835490853,2,3,1.4014004917820129,
1998.0,423.0,46.78355262941661,-117.0814835490853,3,4,1.4715084170244948,
1998.0,423.0,46.78355262941661,-117.0814835490853,4,5,1.5927366611431926,
1998.0,425.0,46.7834249999306,-117.08067900000108,0,1,1.476944041164917,
1998.0,425.0,46.7834249999306,-117.08067900000108,1,2,1.4105999892588394,
1998.0,425.0,46.7834249999306,-117.08067900000108,2,3,1.4905265253227207,
1998.0,425.0,46.7834249999306,-117.08067900000108,3,4,1.6592172390389988,
1998.0,425.0,46.7834249999306,-117.08067900000108,4,5,1.6795809931966486,
